location_id,item_name,item_modifications,vegan_old,vegetarian_old,vegan_new,vegetarian_new,units,lines,first_day,last_day
VLZX7K2M9QD4T,Juicy Potatoes,,True,True,False,False,35009,32485,2021-04-18,2022-04-17
VLZX7K2M9QD4T,Black Sheep Sandwich,,False,False,False,True,4419,4027,2021-10-20,2022-04-17
VLZX7K2M9QD4T,Black Sheep Salad,,False,False,False,True,3644,3371,2021-10-20,2022-04-17
VLZX7K2M9QD4T,Side Of Meat,Black Sheep Lamb,False,False,True,True,799,725,2021-10-19,2022-04-17
VLZX7K2M9QD4T,L1 Side Green Salad,No Cheese,False,True,True,True,787,749,2021-04-18,2022-04-17
VLZX7K2M9QD4T,Black Sheep Sandwich,Greek Style,False,False,False,True,493,471,2021-10-20,2022-04-17
VLZX7K2M9QD4T,Black Sheep Sandwich,Side Hot Sauce,False,False,False,True,391,350,2021-10-20,2022-04-17
VLZX7K2M9QD4T,L1 Side Green Salad,"No Cheese, Dressings On Side",False,True,True,True,251,211,2021-04-18,2022-04-17
VLZX7K2M9QD4T,Black Sheep Sandwich,No Onion,False,False,False,True,169,157,2021-10-20,2022-04-17
VLZX7K2M9QD4T,Black Sheep Sandwich,No Cheese,False,False,False,True,162,150,2021-10-20,2022-04-17
VLZX7K2M9QD4T,Veg Salad,Add Black Sheep Lamb (Served On The Side),False,False,False,True,145,138,2021-10-21,2022-04-13
VLZX7K2M9QD4T,L1 Side Green Salad,"Dressings On Side, No Cheese",False,True,True,True,136,118,2021-04-19,2022-03-26
VLZX7K2M9QD4T,Black Sheep Sandwich,"No Cheese, No Yogurt Sauce",False,False,True,True,130,117,2021-10-20,2022-04-16
VLZX7K2M9QD4T,Black Sheep Sandwich,"Side Hot Sauce, Greek Style",False,False,False,True,104,102,2021-10-20,2022-04-15
VLZX7K2M9QD4T,Black Sheep Sandwich,"No Yogurt Sauce, No Cheese",False,False,True,True,97,91,2021-10-20,2022-04-17
VLZX7K2M9QD4T,Black Sheep Sandwich,Yogurt On Side,False,False,False,True,92,88,2021-10-22,2022-04-16
VLZX7K2M9QD4T,Veg Salad,Chicken Set Up,False,False,False,True,83,78,2021-05-06,2022-04-07
VLZX7K2M9QD4T,Black Sheep Sandwich,Lite (Less) Yogurt Sauce,False,False,False,True,76,76,2021-10-21,2022-04-16
VLZX7K2M9QD4T,Rainbow Surprise!,,False,False,False,True,55,49,2021-06-11,2021-07-05
VLZX7K2M9QD4T,Black Sheep Sandwich,"Greek Style, Pork Set Up",False,False,False,True,55,55,2021-10-28,2022-03-14
VLZX7K2M9QD4T,Black Sheep Sandwich,"No Yogurt Sauce, No Cheese, Side Hot Sauce",False,False,True,True,51,45,2021-10-20,2022-03-16
VLZX7K2M9QD4T,L1 Side Green Salad,"Regular, Cheese On Side, Dressings On Side",True,True,False,True,50,35,2021-04-30,2022-01-18
VLZX7K2M9QD4T,L1 Side Green Salad,"Romaine Only, No Cheese",False,True,True,True,49,49,2021-05-04,2022-04-14
VLZX7K2M9QD4T,L1 Side Green Salad,"Regular, No Cheese, Dressings On Side",False,True,True,True,48,47,2021-06-02,2022-01-29
VLZX7K2M9QD4T,L1 Side Green Salad,"No Onion, No Cheese",False,True,True,True,45,41,2021-05-07,2022-04-14
VLZX7K2M9QD4T,Black Sheep Sandwich,"No Cheese, Split Cut In Half",False,False,False,True,43,43,2021-10-21,2022-04-12
VLZX7K2M9QD4T,Veg Salad,Lamb Set Up,False,False,False,True,41,40,2021-04-18,2022-04-12
VLZX7K2M9QD4T,L1 Side Green Salad,"No Cheese, Kale Only",False,True,True,True,41,37,2021-04-24,2022-04-10
VLZX7K2M9QD4T,Black Sheep Sandwich,Cheese On Side,False,False,False,True,40,39,2021-10-21,2022-04-07
VLZX7K2M9QD4T,L1 Side Green Salad,"Regular, No Cheese",False,True,True,True,38,36,2021-04-19,2021-12-02
VLZX7K2M9QD4T,Chicken Salad,"Greek Style, Veg Set Up",False,True,False,False,37,37,2021-04-21,2022-03-27
VLZX7K2M9QD4T,Veg Salad,Pork Set Up,False,False,False,True,36,36,2021-05-02,2022-04-15
VLZX7K2M9QD4T,Veg Salad,"Dressings On Side, Add Black Sheep Lamb (Served On The Side)",False,False,False,True,34,31,2021-11-01,2022-04-17
VLZX7K2M9QD4T,Black Sheep Salad,Add Black Sheep Lamb (Served On The Side),False,False,False,True,33,31,2021-10-26,2022-04-13
VLZX7K2M9QD4T,Veg Salad,"Add Black Sheep Lamb (Served On The Side), Greek Style",False,False,False,True,31,31,2021-10-21,2022-04-14
VLZX7K2M9QD4T,L1 Side Green Salad,"No Onion, No Cheese, Dressings On Side",False,True,True,True,30,26,2021-05-24,2022-04-17
VLZX7K2M9QD4T,Black Sheep Sandwich,"Greek Style, Side Hot Sauce",False,False,False,True,29,27,2021-10-20,2022-02-14
VLZX7K2M9QD4T,L1 Side Green Salad,"No Cheese, No Onion",False,True,True,True,29,24,2021-06-06,2022-04-16
VLZX7K2M9QD4T,L1 Side Green Salad,"Romaine Only, No Cheese, No Onion",False,True,True,True,28,26,2021-06-06,2022-04-05
VLZX7K2M9QD4T,Black Sheep Sandwich,"No Onion, Greek Style",False,False,False,True,27,26,2021-10-27,2022-04-01
VLZX7K2M9QD4T,Black Sheep Sandwich,Split Cut In Half,False,False,False,True,26,26,2021-10-20,2022-02-12
VLZX7K2M9QD4T,L1 Side Green Salad,"No Onion, No Cheese, Romaine Only",False,True,True,True,26,25,2021-11-10,2022-04-10
VLZX7K2M9QD4T,Veg Salad,"Add Black Sheep Lamb (Served On The Side), Side Hot Sauce",False,False,False,True,25,25,2021-11-02,2022-04-12
VLZX7K2M9QD4T,Chicken Salad,"Dressings On Side, Veg Set Up",False,True,False,False,25,25,2021-05-13,2022-03-13
VLZX7K2M9QD4T,Black Sheep Sandwich,"No Cheese, Side Hot Sauce",False,False,False,True,23,22,2021-10-26,2022-04-12
VLZX7K2M9QD4T,Black Sheep Sandwich,"No Cheese, Yogurt On Side",False,False,False,True,23,22,2021-10-20,2022-04-09
VLZX7K2M9QD4T,Veg Sandwich,Add Black Sheep Lamb (Served On The Side),False,False,False,True,22,22,2021-11-12,2022-04-17
VLZX7K2M9QD4T,Black Sheep Sandwich,Add Sweet Potato (Served On The Side),False,False,False,True,22,20,2021-10-21,2022-04-11
VLZX7K2M9QD4T,Black Sheep Sandwich,"Cheese On Side, Yogurt On Side",False,False,False,True,22,19,2021-10-25,2022-04-13
VLZX7K2M9QD4T,Veg Salad,"No Cheese, No Yogurt Dressing (Olive Oil Only), Add Black Sheep Lamb (Served On The Side)",False,False,True,True,22,21,2021-10-27,2022-04-13
VLZX7K2M9QD4T,Black Sheep Sandwich,No Yogurt Sauce,False,False,False,True,21,20,2021-10-24,2022-04-06
VLZX7K2M9QD4T,L1 Side Green Salad,"Add Pita, No Cheese, Dressings On Side",False,True,True,True,19,18,2021-08-15,2022-03-27
VLZX7K2M9QD4T,L1 Side Green Salad,"No Cheese, Add Pita",False,True,True,True,18,17,2021-04-30,2022-02-08
VLZX7K2M9QD4T,L1 Side Green Salad,"Greek Style, No Cheese, Dressings On Side",False,True,True,True,18,17,2021-05-02,2021-12-30
VLZX7K2M9QD4T,L1 Side Green Salad,"Dressings On Side, Romaine Only, No Cheese",False,True,True,True,17,17,2021-04-22,2022-02-17
VLZX7K2M9QD4T,L1 Side Green Salad,"Dressings On Side, Romaine Only, Cheese On Side",True,True,False,True,16,8,2021-06-12,2021-11-14
VLZX7K2M9QD4T,Pork Salad,Veg Set Up,False,True,False,False,15,14,2021-05-29,2022-02-23
VLZX7K2M9QD4T,Black Sheep Sandwich,"Lite (Less) Yogurt Sauce, No Cheese",False,False,False,True,15,14,2021-10-27,2022-03-24
VLZX7K2M9QD4T,L1 Side Green Salad,"Regular, No Onion, No Cheese, Romaine Only, Dressings On Side",False,True,True,True,15,13,2021-06-13,2022-04-01
VLZX7K2M9QD4T,L1 Side Green Salad,"No Cheese, Kale Only, Dressings On Side",False,True,True,True,15,13,2021-06-24,2022-03-22
VLZX7K2M9QD4T,L1 Side Green Salad,"Greek Style, No Cheese",False,True,True,True,14,14,2021-05-04,2021-12-03
VLZX7K2M9QD4T,L1 Side Green Salad,"No Cheese, Romaine Only, Dressings On Side",False,True,True,True,14,13,2021-07-26,2022-03-13
VLZX7K2M9QD4T,L1 Side Green Salad,"Cheese On Side, Dry (No Dressing)",True,True,False,True,13,9,2021-08-26,2022-04-13
VLZX7K2M9QD4T,Veg Salad,"No Cheese, Add Black Sheep Lamb (Served On The Side)",False,False,False,True,13,13,2022-01-12,2022-04-15
VLZX7K2M9QD4T,Black Sheep Sandwich,"No Onion, No Cheese",False,False,False,True,13,13,2021-10-26,2022-04-11
VLZX7K2M9QD4T,L1 Side Green Salad,"Add Pita, No Cheese",False,True,True,True,13,13,2021-04-23,2022-04-17
VLZX7K2M9QD4T,L1 Side Green Salad,"No Cheese, Romaine Only",False,True,True,True,13,13,2021-08-12,2022-03-27
VLZX7K2M9QD4T,Black Sheep Sandwich,"Lite (Less) Yogurt Sauce, Add Sweet Potato (Served On The Side)",False,False,False,True,12,12,2022-03-15,2022-04-17
VLZX7K2M9QD4T,Veg Salad,"No Cheese, Dry (No Dressing), Dressings On Side",True,True,False,True,12,12,2021-07-31,2022-04-16
VLZX7K2M9QD4T,Veg Salad,"Add Black Sheep Lamb (Served On The Side), Side Hot Sauce, Greek Style",False,False,False,True,12,12,2021-11-03,2022-04-15
VLZX7K2M9QD4T,Black Sheep Sandwich,"No Cheese, Greek Style, Split Cut In Half",False,False,False,True,11,11,2022-03-10,2022-04-14
VLZX7K2M9QD4T,Black Sheep Sandwich,"No Onion, Yogurt On Side",False,False,False,True,11,11,2021-10-24,2022-04-04
VLZX7K2M9QD4T,L1 Side Green Salad,"Romaine Only, No Cheese, Greek Style",False,True,True,True,11,11,2021-07-24,2022-04-12
VLZX7K2M9QD4T,Black Sheep Sandwich,"No Cheese, No Yogurt Sauce, Side Hot Sauce",False,False,True,True,11,8,2021-10-24,2022-01-27
VLZX7K2M9QD4T,Black Sheep Sandwich,Add Black Sheep Lamb (Served On The Side),False,False,False,True,10,10,2021-10-20,2022-04-08
VLZX7K2M9QD4T,L1 Side Green Salad,"Greek Style, Cheese On Side, Dressings On Side",True,True,False,True,9,9,2021-05-02,2021-12-03
VLZX7K2M9QD4T,Black Sheep Sandwich,"Yogurt On Side, Side Hot Sauce",False,False,False,True,9,9,2021-11-03,2022-04-14
VLZX7K2M9QD4T,Black Sheep Sandwich,"No Cheese, No Yogurt Sauce, No Onion",False,False,True,True,9,9,2021-10-23,2022-04-17
VLZX7K2M9QD4T,Rainbow Surprise!,Hold,False,False,False,True,9,8,2021-06-11,2021-06-14
VLZX7K2M9QD4T,Black Sheep Salad,"Dressings On Side, Add Black Sheep Lamb (Served On The Side)",False,False,False,True,9,8,2021-12-06,2022-04-07
VLZX7K2M9QD4T,Black Sheep Sandwich,"Yogurt On Side, Side Hot Sauce, Greek Style",False,False,False,True,9,9,2021-11-23,2022-02-11
VLZX7K2M9QD4T,Black Sheep Sandwich,"No Yogurt Sauce, No Cheese, Greek Style",False,False,True,True,9,8,2021-10-29,2022-03-14
VLZX7K2M9QD4T,Black Sheep Sandwich,"No Onion, Side Hot Sauce",False,False,False,True,9,9,2021-10-28,2022-04-17
VLZX7K2M9QD4T,Black Sheep Sandwich,"Cheese On Side, Side Hot Sauce",False,False,False,True,9,9,2021-10-29,2022-04-05
VLZX7K2M9QD4T,Black Sheep Sandwich,"No Cheese, Lite (Less) Yogurt Sauce",False,False,False,True,9,9,2021-10-25,2022-02-22
VLZX7K2M9QD4T,L1 Side Green Salad,"No Cheese, Greek Style",False,True,True,True,9,9,2021-05-13,2022-02-23
VLZX7K2M9QD4T,Veg Sandwich,Chicken Set Up,False,False,False,True,8,7,2021-05-20,2021-11-27
VLZX7K2M9QD4T,L1 Side Green Salad,"Regular, No Cheese, Kale Only",False,True,True,True,8,8,2021-06-25,2021-10-14
VLZX7K2M9QD4T,Black Sheep Sandwich,"Lite (Less) Yogurt Sauce, Side Hot Sauce",False,False,False,True,8,8,2021-10-24,2022-03-02
VLZX7K2M9QD4T,Black Sheep Meatballs With Spanakorizo,,False,False,False,True,8,8,2022-04-12,2022-04-16
VLZX7K2M9QD4T,Black Sheep Sandwich,"Yogurt On Side, Cheese On Side",False,False,False,True,8,6,2021-10-22,2022-01-23
VLZX7K2M9QD4T,Black Sheep Salad,"No Cheese, Kale Only, No Yogurt Dressing (Olive Oil Only), Add Black Sheep Lamb (Served On The Side), Add Sweet Potato (Served On The Side)",False,False,True,True,8,8,2022-02-09,2022-04-06
VLZX7K2M9QD4T,Chicken Salad,"Dressings On Side, No Cheese, Veg Set Up",False,True,False,False,8,8,2021-06-22,2021-11-06
VLZX7K2M9QD4T,Veg Salad,"Add Pita, Dressings On Side, Add Black Sheep Lamb (Served On The Side)",False,False,False,True,8,8,2022-01-28,2022-04-06
VLZX7K2M9QD4T,Chicken Salad,"Kale Only, Veg Set Up",False,True,False,False,8,8,2021-07-21,2022-03-27
VLZX7K2M9QD4T,Veg Salad,"Add Pita, Add Black Sheep Lamb (Served On The Side)",False,False,False,True,8,8,2022-01-18,2022-04-14
VLZX7K2M9QD4T,Black Sheep Sandwich,"Cheese On Side, No Onion, Add Sweet Potato (Served On The Side)",False,False,False,True,8,8,2022-01-29,2022-04-08
VLZX7K2M9QD4T,L1 Side Green Salad,"No Cheese, No Olives",False,True,True,True,7,7,2022-01-12,2022-04-15
VLZX7K2M9QD4T,Black Sheep Sandwich,"No Yogurt Sauce, Side Hot Sauce",False,False,False,True,7,6,2021-10-21,2022-03-11
VLZX7K2M9QD4T,L1 Side Green Salad,"No Onion, No Cheese, Romaine Only, Dressings On Side",False,True,True,True,7,7,2021-10-05,2022-04-11
VLZX7K2M9QD4T,Black Sheep Sandwich,"No Cheese, Yogurt On Side, Side Hot Sauce",False,False,False,True,7,7,2021-10-25,2022-04-11
VLZX7K2M9QD4T,Black Sheep Sandwich,"Lite (Less) Yogurt Sauce, No Onion",False,False,False,True,7,7,2021-10-20,2022-04-07
VLZX7K2M9QD4T,Veg Salad,"Cheese On Side, Dressings On Side, Add Black Sheep Lamb (Served On The Side)",False,False,False,True,7,6,2021-11-23,2022-03-03
VLZX7K2M9QD4T,Pork Sandwich,Veg Set Up,False,True,False,False,7,7,2021-05-07,2022-02-12
VLZX7K2M9QD4T,Veg Salad,"Greek Style, Chicken Set Up",False,False,False,True,7,7,2021-05-20,2022-04-07
VLZX7K2M9QD4T,L1 Side Green Salad,"Kale Only, No Cheese",False,True,True,True,7,7,2021-05-05,2022-01-12
VLZX7K2M9QD4T,Black Sheep Sandwich,Pork Set Up,False,False,False,True,7,7,2021-10-24,2022-04-17
VLZX7K2M9QD4T,Black Sheep Sandwich,"No Yogurt Sauce, No Cheese, Add Sweet Potato (Served On The Side)",False,False,True,True,7,7,2021-11-01,2022-03-09
VLZX7K2M9QD4T,Black Sheep Sandwich,"Yogurt On Side, No Cheese",False,False,False,True,7,7,2021-10-24,2022-02-17
VLZX7K2M9QD4T,Black Sheep Sandwich,"Lite (Less) Yogurt Sauce, No Cheese, Side Hot Sauce",False,False,False,True,6,6,2021-11-27,2022-03-07
VLZX7K2M9QD4T,Black Sheep Salad,Chicken Set Up,False,False,False,True,6,6,2021-11-05,2022-04-09
VLZX7K2M9QD4T,Black Sheep Salad,"No Cheese, Lite (Less) Yogurt, Add Black Sheep Lamb (Served On The Side)",False,False,False,True,6,6,2022-01-03,2022-04-16
VLZX7K2M9QD4T,Black Sheep Sandwich,"No Onion, No Yogurt Sauce, No Cheese",False,False,True,True,6,4,2021-10-20,2022-03-22
VLZX7K2M9QD4T,L1 Side Green Salad,"Greek Style, No Onion, No Cheese",False,True,True,True,6,6,2021-09-26,2021-11-22
VLZX7K2M9QD4T,Black Sheep Sandwich,"No Cheese, Greek Style",False,False,False,True,6,6,2021-11-15,2022-03-11
VLZX7K2M9QD4T,L1 Side Green Salad,"Romaine Only, No Cheese, Add Pita",False,True,True,True,6,6,2022-02-15,2022-04-11
VLZX7K2M9QD4T,Veg Salad,"No Cheese, Dressings On Side, No Yogurt Dressing (Olive Oil Only), Add Black Sheep Lamb (Served On The Side), Add Sweet Potato (Served On The Side)",False,False,True,True,6,6,2022-01-03,2022-02-28
VLZX7K2M9QD4T,Veg Salad,"No Cheese, Chicken Set Up",False,False,False,True,6,6,2021-04-28,2022-03-15
VLZX7K2M9QD4T,Veg Salad,"No Cheese, Dressings On Side, No Yogurt Dressing (Olive Oil Only), Add Black Sheep Lamb (Served On The Side)",False,False,True,True,6,6,2022-01-18,2022-03-12
VLZX7K2M9QD4T,L1 Side Green Salad,"Regular, No Onion, No Cheese",False,True,True,True,6,6,2021-07-06,2021-09-20
VLZX7K2M9QD4T,Veg Sandwich,Pork Set Up,False,False,False,True,5,5,2021-06-05,2022-01-04
VLZX7K2M9QD4T,Veg Salad,"No Cheese, Romaine Only, Lite (Less) Yogurt, Dressings On Side, No Yogurt Dressing (Olive Oil Only), Side Hot Sauce",True,True,False,True,5,5,2022-01-25,2022-02-16
VLZX7K2M9QD4T,Veg Salad,"Add Pita, Cheese On Side, No Cheese, Dressings On Side, No Yogurt Dressing (Olive Oil Only), Add Black Sheep Lamb (Served On The Side), Side Hot Sauce",False,False,False,True,5,5,2021-12-14,2021-12-28
VLZX7K2M9QD4T,Black Sheep Sandwich,No Cucumber,False,False,False,True,5,5,2021-10-20,2022-04-05
VLZX7K2M9QD4T,L1 Side Green Salad,"Dressings On Side, Romaine Only, No Cheese, Add Pita",False,True,True,True,5,5,2021-08-04,2022-03-28
VLZX7K2M9QD4T,Black Sheep Sandwich,"No Cheese, No Onion",False,False,False,True,5,5,2021-11-15,2022-02-28
VLZX7K2M9QD4T,L1 Side Green Salad,"Regular, No Onion, No Cheese, Dressings On Side",False,True,True,True,5,5,2021-08-16,2021-11-12
VLZX7K2M9QD4T,Veg Salad,"Add Pita, No Cheese, No Yogurt Dressing (Olive Oil Only), Add Black Sheep Lamb (Served On The Side)",False,False,True,True,5,5,2022-01-20,2022-03-22
VLZX7K2M9QD4T,Veg Salad,"Kale Only, Add Black Sheep Lamb (Served On The Side)",False,False,False,True,5,5,2021-11-01,2022-03-29
VLZX7K2M9QD4T,Black Sheep Sandwich,"Cheese On Side, Lite (Less) Yogurt Sauce",False,False,False,True,5,5,2021-12-20,2022-03-02
VLZX7K2M9QD4T,L1 Side Green Salad,"Dressings On Side, Add Pita, Cheese On Side",True,True,False,True,5,3,2021-08-30,2021-10-21
VLZX7K2M9QD4T,L1 Side Green Salad,"Dressings On Side, Kale Only, No Cheese",False,True,True,True,5,5,2021-05-23,2021-12-31
VLZX7K2M9QD4T,Black Sheep Sandwich,"Yogurt On Side, Add Sweet Potato (Served On The Side)",False,False,False,True,5,5,2021-10-26,2022-04-07
VLZX7K2M9QD4T,Black Sheep Sandwich,"No Cheese, No Yogurt Sauce, Greek Style",False,False,True,True,5,5,2021-10-20,2022-01-15
VLZX7K2M9QD4T,Black Sheep Sandwich,"No Cheese, No Yogurt Sauce, Split Cut In Half",False,False,True,True,5,5,2021-10-31,2021-12-30
VLZX7K2M9QD4T,Black Sheep Sandwich,"Yogurt On Side, Greek Style",False,False,False,True,5,5,2021-10-23,2022-02-28
VLZX7K2M9QD4T,Black Sheep Sandwich,"Yogurt On Side, No Cheese, Split Cut In Half",False,False,False,True,5,5,2022-01-24,2022-04-04
VLZX7K2M9QD4T,Black Sheep Salad,Pork Set Up,False,False,False,True,5,5,2021-11-12,2022-04-12
VLZX7K2M9QD4T,Chicken Salad,"No Cheese, Veg Set Up",False,True,False,False,5,5,2021-06-26,2021-10-12
VLZX7K2M9QD4T,Black Sheep Salad,"Greek Style, Pork Set Up",False,False,False,True,4,4,2022-01-29,2022-03-19
VLZX7K2M9QD4T,Veg Salad,"Cheese On Side, No Cheese, Dressings On Side, No Yogurt Dressing (Olive Oil Only)",True,True,False,True,4,4,2021-08-07,2022-03-25
VLZX7K2M9QD4T,L1 Side Green Salad,"Add Pita, No Onion, No Cheese",False,True,True,True,4,4,2022-02-24,2022-04-06
VLZX7K2M9QD4T,Veg Salad,"No Yogurt Dressing (Olive Oil Only), No Cheese, Add Black Sheep Lamb (Served On The Side)",False,False,True,True,4,4,2021-10-20,2022-02-04
VLZX7K2M9QD4T,Black Sheep Sandwich,"Add Black Sheep Lamb (Served On The Side), Greek Style",False,False,False,True,4,4,2022-02-01,2022-03-09
VLZX7K2M9QD4T,Veg Salad,"No Onion, Pork Set Up",False,False,False,True,4,4,2021-07-17,2022-03-03
VLZX7K2M9QD4T,L1 Side Green Salad,"Greek Style, No Cheese, Kale Only, Dressings On Side",False,True,True,True,4,4,2021-06-09,2021-11-17
VLZX7K2M9QD4T,Veg Salad,"No Yogurt Dressing (Olive Oil Only), Add Black Sheep Lamb (Served On The Side)",False,False,False,True,4,4,2021-11-12,2022-04-14
VLZX7K2M9QD4T,Veg Salad,"No Cheese, Dressings On Side, Add Black Sheep Lamb (Served On The Side)",False,False,False,True,4,4,2021-10-21,2022-03-05
VLZX7K2M9QD4T,Veg Salad,"Add Pita, Dry (No Dressing)",True,True,False,True,4,4,2021-04-29,2021-11-13
VLZX7K2M9QD4T,L1 Side Green Salad,"No Cheese, No Onion, No Olives",False,True,True,True,4,4,2022-01-25,2022-04-14
VLZX7K2M9QD4T,Veg Salad,"Add Pita, Kale Only, No Yogurt Dressing (Olive Oil Only), Add Black Sheep Lamb (Served On The Side)",False,False,False,True,4,4,2021-12-08,2021-12-28
VLZX7K2M9QD4T,Black Sheep Sandwich,"No Onion, No Yogurt Sauce, No Cheese, Side Hot Sauce, Greek Style",False,False,True,True,4,3,2022-02-08,2022-02-25
VLZX7K2M9QD4T,Veg Salad,"Dressings On Side, No Cheese, Add Black Sheep Lamb (Served On The Side)",False,False,False,True,4,3,2021-12-06,2022-02-22
VLZX7K2M9QD4T,Veg Salad,"Dressings On Side, Add Black Sheep Lamb (Served On The Side), Greek Style",False,False,False,True,4,3,2022-01-03,2022-02-14
VLZX7K2M9QD4T,Black Sheep Salad,"No Yogurt Dressing (Olive Oil Only), No Cheese, Chicken Set Up",False,False,True,True,4,4,2021-11-02,2022-02-16
VLZX7K2M9QD4T,Black Sheep Sandwich,"No Onion, Add Sweet Potato (Served On The Side)",False,False,False,True,4,4,2021-10-20,2022-01-26
VLZX7K2M9QD4T,Veg Salad,"No Cheese, Kale Only, Dressings On Side, No Yogurt Dressing (Olive Oil Only), Add Black Sheep Lamb (Served On The Side), Side Hot Sauce",False,False,True,True,4,4,2022-01-18,2022-02-02
VLZX7K2M9QD4T,L1 Side Green Salad,"Regular, No Cheese, Romaine Only, Dressings On Side",False,True,True,True,4,4,2021-06-08,2021-10-27
VLZX7K2M9QD4T,L1 Side Green Salad,"Dressings On Side, Romaine Only, No Cheese, No Onion",False,True,True,True,4,4,2021-07-02,2021-10-24
VLZX7K2M9QD4T,Veg Salad,"Dressings On Side, Add Black Sheep Lamb (Served On The Side), Side Hot Sauce",False,False,False,True,4,4,2021-12-21,2022-03-27
VLZX7K2M9QD4T,Black Sheep Sandwich,"Add Sweet Potato (Served On The Side), Side Hot Sauce",False,False,False,True,4,4,2021-12-30,2022-04-03
VLZX7K2M9QD4T,Veg Salad,"Lite (Less) Yogurt, Add Black Sheep Lamb (Served On The Side)",False,False,False,True,4,3,2021-12-02,2022-04-06
VLZX7K2M9QD4T,Veg Salad,"Dressings On Side, No Cheese, Chicken Set Up",False,False,False,True,4,4,2021-06-22,2022-03-25
VLZX7K2M9QD4T,Black Sheep Sandwich,"Cheese On Side, Lite (Less) Yogurt Sauce, Side Hot Sauce",False,False,False,True,4,4,2021-12-20,2022-03-31
VLZX7K2M9QD4T,L1 Side Green Salad,"Dressings On Side, Cheese On Side, Add Pita, No Onion",True,True,False,True,4,1,2021-09-07,2021-09-07
VLZX7K2M9QD4T,L1 Side Green Salad,"Cheese On Side, No Onion, No Cheese, Dressings On Side",True,True,False,True,4,3,2021-06-25,2022-03-20
VLZX7K2M9QD4T,Veg Salad,"No Yogurt Dressing (Olive Oil Only), Chicken Set Up",False,False,False,True,3,3,2021-05-08,2022-03-06
VLZX7K2M9QD4T,Black Sheep Salad,"No Onion, Add Black Sheep Lamb (Served On The Side)",False,False,False,True,3,3,2022-01-17,2022-03-20
VLZX7K2M9QD4T,L1 Side Green Salad,"Dressings On Side, No Cheese, Romaine Only",False,True,True,True,3,2,2021-09-15,2021-12-03
VLZX7K2M9QD4T,L1 Side Green Salad,"Add Sweet Potato, No Cheese",False,True,True,True,3,3,2021-05-06,2021-05-22
VLZX7K2M9QD4T,Black Sheep Salad,"Greek Style, Chicken Set Up",False,False,False,True,3,3,2021-11-13,2022-03-02
VLZX7K2M9QD4T,Veg Salad,"No Cheese, Pork Set Up",False,False,False,True,3,3,2021-08-16,2021-11-13
VLZX7K2M9QD4T,Black Sheep Sandwich,"Add Sweet Potato (Served On The Side), Greek Style",False,False,False,True,3,3,2022-01-16,2022-04-03
VLZX7K2M9QD4T,Black Sheep Sandwich,"No Onion, No Yogurt Sauce, No Cheese, Side Hot Sauce",False,False,True,True,3,3,2022-01-19,2022-04-09
VLZX7K2M9QD4T,Veg Salad,"Add Pita, No Cheese, Dressings On Side, No Yogurt Dressing (Olive Oil Only), Add Black Sheep Lamb (Served On The Side), Side Hot Sauce",False,False,True,True,3,3,2022-01-24,2022-02-23
VLZX7K2M9QD4T,Veg Salad,"No Cheese, Lamb Set Up",False,False,False,True,3,3,2021-08-04,2021-11-15
VLZX7K2M9QD4T,Black Sheep Sandwich,"No Radish, No Cucumber",False,False,False,True,3,3,2021-12-10,2022-02-04
VLZX7K2M9QD4T,Black Sheep Salad,"Add Pita, No Cheese, No Yogurt Dressing (Olive Oil Only), Add Black Sheep Lamb (Served On The Side)",False,False,True,True,3,3,2022-02-04,2022-02-25
VLZX7K2M9QD4T,Veg Salad,"Add Pita, No Onion, Dressings On Side, Add Black Sheep Lamb (Served On The Side)",False,False,False,True,3,2,2021-10-25,2022-02-23
VLZX7K2M9QD4T,Black Sheep Sandwich,"No Yogurt Sauce, Yogurt On Side",False,False,False,True,3,3,2021-11-11,2022-03-19
VLZX7K2M9QD4T,Black Sheep Salad,"Add Pita, Greek Style, Add Black Sheep Lamb (Served On The Side), Pork Set Up",False,False,False,True,3,3,2021-11-28,2022-03-27
VLZX7K2M9QD4T,Black Sheep Sandwich,"No Yogurt Sauce, No Cheese, Side Hot Sauce, Greek Style",False,False,True,True,3,3,2021-11-24,2022-02-03
VLZX7K2M9QD4T,Black Sheep Sandwich,"No Onion, Yogurt On Side, Side Hot Sauce",False,False,False,True,3,3,2022-01-31,2022-03-31
VLZX7K2M9QD4T,Veg Salad,"Dressings On Side, Dry (No Dressing), No Cheese",True,True,False,True,3,3,2021-05-03,2021-09-11
VLZX7K2M9QD4T,Chicken Sandwich,"No Onion, Greek Style, Veg Set Up",False,True,False,False,3,3,2021-05-22,2022-01-17
VLZX7K2M9QD4T,L1 Side Green Salad,"Greek Style, No Cheese, Romaine Only, Dressings On Side",False,True,True,True,3,2,2021-07-07,2021-09-29
VLZX7K2M9QD4T,L1 Side Green Salad,"No Onion, Cheese On Side, Dressings On Side",True,True,False,True,3,3,2021-05-10,2021-05-31
VLZX7K2M9QD4T,Black Sheep Salad,"Add Black Sheep Lamb (Served On The Side), Greek Style",False,False,False,True,3,3,2021-12-06,2022-02-20
VLZX7K2M9QD4T,Veg Salad,"Lite (Less) Yogurt, No Cheese, Chicken Set Up",False,False,False,True,3,2,2021-06-14,2021-06-21
VLZX7K2M9QD4T,Black Sheep Salad,"Add Black Sheep Lamb (Served On The Side), Side Hot Sauce",False,False,False,True,3,3,2021-11-02,2022-01-20
VLZX7K2M9QD4T,Black Sheep Sandwich,"Lite (Less) Yogurt Sauce, Greek Style",False,False,False,True,3,3,2021-11-29,2022-01-04
VLZX7K2M9QD4T,Veg Salad,"Greek Style, Pork Set Up",False,False,False,True,3,3,2021-05-10,2021-09-02
VLZX7K2M9QD4T,L1 Side Green Salad,"Add Pita, Cheese On Side, No Onion, Dressings On Side",True,True,False,True,3,3,2022-01-18,2022-02-09
VLZX7K2M9QD4T,Veg Salad,"No Onion, No Cheese, Add Black Sheep Lamb (Served On The Side), Greek Style",False,False,False,True,3,3,2021-11-10,2021-11-30
VLZX7K2M9QD4T,Veg Salad,"Romaine Only, Add Black Sheep Lamb (Served On The Side)",False,False,False,True,3,3,2021-10-21,2022-03-22
VLZX7K2M9QD4T,L1 Side Green Salad,"Cheese On Side, Kale Only, Dry (No Dressing)",True,True,False,True,3,3,2021-07-14,2022-03-23
VLZX7K2M9QD4T,Black Sheep Sandwich,"Lite (Less) Yogurt Sauce, Yogurt On Side",False,False,False,True,3,2,2021-10-21,2022-02-28
VLZX7K2M9QD4T,Black Sheep Sandwich,"No Onion, Add Black Sheep Lamb (Served On The Side)",False,False,False,True,2,2,2021-12-17,2022-04-12
VLZX7K2M9QD4T,Black Sheep Sandwich,"No Yogurt Sauce, No Onion",False,False,False,True,2,1,2022-02-04,2022-02-04
VLZX7K2M9QD4T,Black Sheep Sandwich,No Radish,False,False,False,True,2,2,2022-03-05,2022-04-12
VLZX7K2M9QD4T,Black Sheep Sandwich,Lamb Set Up,False,False,False,True,2,1,2021-11-26,2021-11-26
VLZX7K2M9QD4T,Black Sheep Sandwich,"Lite (Less) Yogurt Sauce, No Onion, No Cheese",False,False,False,True,2,2,2021-11-03,2022-02-13
VLZX7K2M9QD4T,L1 Side Green Salad,"Regular, No Cheese, No Onion, Dressings On Side",False,True,True,True,2,1,2021-06-14,2021-06-14
VLZX7K2M9QD4T,L1 Side Green Salad,"Greek Style, Regular, No Cheese",False,True,True,True,2,2,2021-07-12,2021-11-17
VLZX7K2M9QD4T,Black Sheep Sandwich,"No Cheese, Yogurt On Side, Greek Style",False,False,False,True,2,2,2022-02-16,2022-03-11
VLZX7K2M9QD4T,Black Sheep Sandwich,"No Yogurt Sauce, No Cheese, Add Black Sheep Lamb (Served On The Side)",False,False,True,True,2,1,2021-10-21,2021-10-21
VLZX7K2M9QD4T,L1 Side Green Salad,"Regular, No Cheese, Kale Only, Dressings On Side",False,True,True,True,2,2,2021-10-04,2021-11-05
VLZX7K2M9QD4T,Veg Salad,"Dressings On Side, No Yogurt Dressing (Olive Oil Only), Add Black Sheep Lamb (Served On The Side), Side Hot Sauce",False,False,False,True,2,2,2022-02-16,2022-03-18
VLZX7K2M9QD4T,Veg Salad,"Add Pita, No Yogurt Dressing (Olive Oil Only), Add Black Sheep Lamb (Served On The Side)",False,False,False,True,2,1,2021-10-25,2021-10-25
VLZX7K2M9QD4T,Veg Salad,"Greek Style, Add Black Sheep Lamb (Served On The Side)",False,False,False,True,2,1,2022-01-01,2022-01-01
VLZX7K2M9QD4T,Veg Salad,"No Onion, Chicken Set Up",False,False,False,True,2,2,2021-10-03,2021-11-26
VLZX7K2M9QD4T,L1 Side Green Salad,"Dressings On Side, No Onion, No Cheese",False,True,True,True,2,2,2021-06-12,2021-12-18
VLZX7K2M9QD4T,L1 Side Green Salad,"Add Pita, No Onion, No Cheese, Romaine Only, Dressings On Side",False,True,True,True,2,2,2022-02-11,2022-02-27
VLZX7K2M9QD4T,Black Sheep Sandwich,"Side Hot Sauce, No Yogurt Sauce, No Cheese",False,False,True,True,2,2,2021-12-10,2021-12-11
VLZX7K2M9QD4T,Black Sheep Sandwich,"Split Cut In Half, Pork Set Up",False,False,False,True,2,2,2021-10-22,2021-10-29
VLZX7K2M9QD4T,Veg Salad,"No Cheese, No Yogurt Dressing (Olive Oil Only), Add Black Sheep Lamb (Served On The Side), Side Hot Sauce",False,False,True,True,2,2,2022-02-21,2022-03-28
VLZX7K2M9QD4T,L1 Side Green Salad,"Add Pita, No Cheese, Kale Only",False,True,True,True,2,1,2022-03-15,2022-03-15
VLZX7K2M9QD4T,L1 Side Green Salad,"Dressings On Side, Kale Only, No Cheese, No Onion",False,True,True,True,2,2,2021-09-29,2022-01-11
VLZX7K2M9QD4T,Veg Salad,"No Cheese, No Yogurt Dressing (Olive Oil Only), Add Black Sheep Lamb (Served On The Side), Greek Style",False,False,True,True,2,2,2021-10-31,2022-04-02
VLZX7K2M9QD4T,L1 Side Green Salad,"Dressings On Side, No Onion, Cheese On Side",True,True,False,True,2,2,2021-04-25,2021-08-23
VLZX7K2M9QD4T,Black Sheep Sandwich,"No Cheese, No Yogurt Sauce, No Cucumber",False,False,True,True,2,2,2022-02-16,2022-03-17
VLZX7K2M9QD4T,Black Sheep Sandwich,"No Onion, Greek Style, Side Hot Sauce",False,False,False,True,2,2,2021-11-01,2021-11-21
VLZX7K2M9QD4T,Black Sheep Sandwich,"No Cheese, No Onion, Greek Style, No Pea Shoots",False,False,False,True,2,2,2022-03-11,2022-04-06
VLZX7K2M9QD4T,Black Sheep Sandwich,"Greek Style, Add Black Sheep Lamb (Served On The Side), Pork Set Up",False,False,False,True,2,2,2021-11-20,2021-11-21
VLZX7K2M9QD4T,Veg Salad,"Dressings On Side, Chicken Set Up",False,False,False,True,2,2,2021-06-01,2021-11-20
VLZX7K2M9QD4T,Veg Salad,"No Yogurt Dressing (Olive Oil Only), Dressings On Side, No Cheese, Add Black Sheep Lamb (Served On The Side)",False,False,True,True,2,1,2021-11-12,2021-11-12
VLZX7K2M9QD4T,Black Sheep Sandwich,"Lite (Less) Yogurt Sauce, Side Hot Sauce, Greek Style",False,False,False,True,2,2,2021-12-05,2022-01-17
VLZX7K2M9QD4T,Black Sheep Salad,"No Yogurt Dressing (Olive Oil Only), No Cheese, Add Pita, Chicken Set Up",False,False,True,True,2,2,2021-11-21,2022-01-14
VLZX7K2M9QD4T,Veg Sandwich,"No Cheese, No Yogurt Sauce, Chicken Set Up",False,False,True,True,2,1,2021-11-28,2021-11-28
VLZX7K2M9QD4T,Black Sheep Sandwich,"No Cheese, Add Sweet Potato (Served On The Side)",False,False,False,True,2,2,2021-11-04,2021-11-11
VLZX7K2M9QD4T,Black Sheep Sandwich,"Lite (Less) Yogurt Sauce, No Cheese, Add Sweet Potato (Served On The Side)",False,False,False,True,2,2,2022-02-05,2022-02-17
VLZX7K2M9QD4T,Black Sheep Sandwich,"No Cheese, No Onion, Greek Style",False,False,False,True,2,2,2022-03-06,2022-03-25
VLZX7K2M9QD4T,Black Sheep Sandwich,"Cheese On Side, Yogurt On Side, Greek Style",False,False,False,True,2,2,2022-02-14,2022-03-19
VLZX7K2M9QD4T,L1 Side Green Salad,"Regular, Add Pita, No Cheese, Romaine Only, Dressings On Side",False,True,True,True,2,2,2021-07-01,2021-07-15
VLZX7K2M9QD4T,L1 Side Green Salad,"No Cheese, No Onion, Romaine Only",False,True,True,True,2,2,2021-06-19,2021-06-24
VLZX7K2M9QD4T,Black Sheep Salad,"Add Pita, No Onion, Dressings On Side, Add Black Sheep Lamb (Served On The Side)",False,False,False,True,2,2,2022-02-24,2022-03-06
VLZX7K2M9QD4T,Black Sheep Salad,"Add Pita, No Cheese, No Yogurt Dressing (Olive Oil Only), Add Black Sheep Lamb (Served On The Side), Greek Style",False,False,True,True,2,2,2022-03-17,2022-04-03
VLZX7K2M9QD4T,Black Sheep Salad,"Add Pita, Add Black Sheep Lamb (Served On The Side), Pork Set Up",False,False,False,True,2,2,2022-04-02,2022-04-03
VLZX7K2M9QD4T,Veg Salad,"Add Pita, Dressings On Side, Add Black Sheep Lamb (Served On The Side), Side Hot Sauce",False,False,False,True,2,2,2022-02-05,2022-04-01
VLZX7K2M9QD4T,Veg Salad,"No Onion, Romaine Only, Dressings On Side, Add Black Sheep Lamb (Served On The Side)",False,False,False,True,2,2,2022-01-30,2022-01-30
VLZX7K2M9QD4T,Black Sheep Sandwich,"Cheese On Side, Yogurt On Side, Side Hot Sauce",False,False,False,True,2,2,2022-04-01,2022-04-16
VLZX7K2M9QD4T,Veg Salad,"Add Pita, No Cheese, Dressings On Side, Add Black Sheep Lamb (Served On The Side)",False,False,False,True,2,2,2021-11-11,2021-12-16
VLZX7K2M9QD4T,L1 Side Green Salad,"Regular, Add Pita, No Cheese, Dressings On Side",False,True,True,True,2,1,2021-07-26,2021-07-26
VLZX7K2M9QD4T,Black Sheep Salad,"Add Pita, Dressings On Side, Add Black Sheep Lamb (Served On The Side)",False,False,False,True,2,2,2022-01-18,2022-04-04
VLZX7K2M9QD4T,Black Sheep Salad,"Add Pita, Greek Style, Add Black Sheep Lamb (Served On The Side)",False,False,False,True,2,2,2022-02-26,2022-03-26
VLZX7K2M9QD4T,Black Sheep Sandwich,"No Cheese, No Onion, Lite (Less) Yogurt Sauce",False,False,False,True,2,2,2021-11-03,2021-11-27
VLZX7K2M9QD4T,Black Sheep Sandwich,"Yogurt On Side, Greek Style, Side Hot Sauce",False,False,False,True,2,2,2021-10-24,2021-11-09
VLZX7K2M9QD4T,Black Sheep Sandwich,"Yogurt On Side, Cheese On Side, Split Cut In Half",False,False,False,True,2,2,2021-10-23,2022-01-02
VLZX7K2M9QD4T,L1 Side Green Salad,"Romaine Only, No Cheese, No Onion, No Olives",False,True,True,True,2,2,2022-04-09,2022-04-15
VLZX7K2M9QD4T,Veg Salad,"Greek Style, Lamb Set Up",False,False,False,True,2,2,2021-09-27,2022-03-08
VLZX7K2M9QD4T,Black Sheep Sandwich,"Yogurt On Side, No Onion",False,False,False,True,2,2,2021-10-28,2021-11-17
VLZX7K2M9QD4T,Black Sheep Sandwich,"Yogurt On Side, No Cheese, Side Hot Sauce",False,False,False,True,2,2,2022-01-17,2022-04-13
VLZX7K2M9QD4T,Black Sheep Salad,"Romaine Only, Dressings On Side, No Yogurt Dressing (Olive Oil Only), Add Black Sheep Lamb (Served On The Side), Add Sweet Potato (Served On The Side)",False,False,False,True,2,2,2022-02-07,2022-02-24
VLZX7K2M9QD4T,Black Sheep Sandwich,"No Onion, No Radish, No Cucumber",False,False,False,True,2,2,2021-10-23,2022-02-03
VLZX7K2M9QD4T,Black Sheep Sandwich,"No Onion, No Radish",False,False,False,True,2,2,2022-03-13,2022-03-28
VLZX7K2M9QD4T,Veg Salad,"No Cheese, Dry (No Dressing), Add Black Sheep Lamb (Served On The Side), Add Sweet Potato (Served On The Side)",False,False,True,True,2,2,2021-12-10,2022-03-30
VLZX7K2M9QD4T,Veg Salad,"Cheese On Side, No Onion, No Cheese, No Yogurt Dressing (Olive Oil Only)",True,True,False,True,2,2,2021-07-19,2022-03-26
VLZX7K2M9QD4T,Black Sheep Salad,"No Cheese, No Yogurt Dressing (Olive Oil Only), Add Black Sheep Lamb (Served On The Side)",False,False,True,True,2,2,2021-11-11,2021-11-23
VLZX7K2M9QD4T,Black Sheep Salad,"Greek Style, Add Black Sheep Lamb (Served On The Side), Pork Set Up",False,False,False,True,2,2,2021-11-29,2022-04-01
VLZX7K2M9QD4T,Veg Salad,"Lite (Less) Yogurt, Add Black Sheep Lamb (Served On The Side), Side Hot Sauce",False,False,False,True,1,1,2022-01-30,2022-01-30
VLZX7K2M9QD4T,Pork Salad,"No Cheese, Veg Set Up",False,True,False,False,1,1,2021-06-10,2021-06-10
VLZX7K2M9QD4T,Veg Salad,"Lite (Less) Yogurt, Pork Set Up",False,False,False,True,1,1,2021-10-09,2021-10-09
VLZX7K2M9QD4T,Veg Salad,"Dressings On Side, Add Pita, Side Hot Sauce, Add Black Sheep Lamb (Served On The Side)",False,False,False,True,1,1,2021-11-11,2021-11-11
VLZX7K2M9QD4T,Veg Salad,"Dressings On Side, Greek Style, Lamb Set Up",False,False,False,True,1,1,2021-11-12,2021-11-12
VLZX7K2M9QD4T,Veg Salad,"Kale Only, No Yogurt Dressing (Olive Oil Only), Add Black Sheep Lamb (Served On The Side)",False,False,False,True,1,1,2022-03-31,2022-03-31
VLZX7K2M9QD4T,Veg Salad,"Dressings On Side, Cheese On Side, Add Black Sheep Lamb (Served On The Side)",False,False,False,True,1,1,2021-12-05,2021-12-05
VLZX7K2M9QD4T,Veg Salad,"Dressings On Side, Cheese On Side, Chicken Set Up",False,False,False,True,1,1,2021-09-28,2021-09-28
VLZX7K2M9QD4T,Veg Salad,"Dressings On Side, Lamb Set Up",False,False,False,True,1,1,2021-08-03,2021-08-03
VLZX7K2M9QD4T,Lamb Salad,"No Yogurt Dressing (Olive Oil Only), No Cheese, No Onion, Veg Set Up",True,True,False,False,1,1,2021-07-01,2021-07-01
VLZX7K2M9QD4T,Veg Salad,"Add Pita, No Onion, Kale Only, Add Black Sheep Lamb (Served On The Side)",False,False,False,True,1,1,2021-12-29,2021-12-29
VLZX7K2M9QD4T,Veg Salad,"Add Pita, No Cheese, Kale Only, Dressings On Side, Add Black Sheep Lamb (Served On The Side)",False,False,False,True,1,1,2021-10-29,2021-10-29
VLZX7K2M9QD4T,Veg Salad,"Cheese On Side, No Onion, No Cheese, Romaine Only, Dry (No Dressing)",True,True,False,True,1,1,2021-11-23,2021-11-23
VLZX7K2M9QD4T,Veg Salad,"Allergy Alergia, Lamb Set Up",False,False,False,True,1,1,2021-07-22,2021-07-22
VLZX7K2M9QD4T,Veg Salad,"Cheese On Side, No Onion, No Cheese, Romaine Only, Dressings On Side, No Yogurt Dressing (Olive Oil Only), Greek Style",True,True,False,True,1,1,2022-04-12,2022-04-12
VLZX7K2M9QD4T,Veg Salad,"Allergy Alergia, Pork Set Up",False,False,False,True,1,1,2021-10-23,2021-10-23
VLZX7K2M9QD4T,Veg Salad,"Cheese On Side, Kale Only, Dressings On Side, Add Black Sheep Lamb (Served On The Side)",False,False,False,True,1,1,2022-01-20,2022-01-20
VLZX7K2M9QD4T,Veg Salad,"Cheese On Side, Dressings On Side, Add Black Sheep Lamb (Served On The Side), Side Hot Sauce",False,False,False,True,1,1,2021-12-04,2021-12-04
VLZX7K2M9QD4T,Veg Salad,"Dressings On Side, Add Pita, Add Black Sheep Lamb (Served On The Side)",False,False,False,True,1,1,2022-02-15,2022-02-15
VLZX7K2M9QD4T,Veg Salad,"No Cheese, Dressings On Side, Add Black Sheep Lamb (Served On The Side), Add Sweet Potato (Served On The Side)",False,False,False,True,1,1,2022-03-27,2022-03-27
VLZX7K2M9QD4T,Veg Salad,"Dressings On Side, Add Black Sheep Lamb (Served On The Side), Side Hot Sauce, Greek Style",False,False,False,True,1,1,2022-02-01,2022-02-01
VLZX7K2M9QD4T,Veg Salad,"Chicken Set Up, Add Pita",False,False,False,True,1,1,2021-07-14,2021-07-14
VLZX7K2M9QD4T,Veg Salad,"No Cheese, Dressings On Side, Add Black Sheep Lamb (Served On The Side), Side Hot Sauce",False,False,False,True,1,1,2021-11-01,2021-11-01
VLZX7K2M9QD4T,Veg Salad,"Cheese On Side, Romaine Only, Dressings On Side, Add Black Sheep Lamb (Served On The Side)",False,False,False,True,1,1,2021-11-07,2021-11-07
VLZX7K2M9QD4T,Veg Salad,"No Cheese, Dressings On Side, Dry (No Dressing)",True,True,False,True,1,1,2021-05-28,2021-05-28
VLZX7K2M9QD4T,Veg Salad,"No Cheese, Dressings On Side, No Yogurt Dressing (Olive Oil Only), Add Black Sheep Lamb (Served On The Side), Side Hot Sauce",False,False,True,True,1,1,2022-02-16,2022-02-16
VLZX7K2M9QD4T,Veg Salad,"Kale Only, No Onion, Add Black Sheep Lamb (Served On The Side)",False,False,False,True,1,1,2022-04-07,2022-04-07
VLZX7K2M9QD4T,Veg Salad,"Cheese On Side, Dressings On Side, Add Black Sheep Lamb (Served On The Side), Add Sweet Potato (Served On The Side), Side Hot Sauce",False,False,False,True,1,1,2022-03-11,2022-03-11
VLZX7K2M9QD4T,Veg Salad,"No Onion, No Cheese, Dressings On Side, Add Black Sheep Lamb (Served On The Side), Side Hot Sauce",False,False,False,True,1,1,2021-11-06,2021-11-06
VLZX7K2M9QD4T,Veg Salad,"No Yogurt Dressing (Olive Oil Only), Lite (Less) Yogurt",True,True,False,True,1,1,2021-10-06,2021-10-06
VLZX7K2M9QD4T,Veg Salad,"No Yogurt Dressing (Olive Oil Only), Greek Style, Chicken Set Up",False,False,False,True,1,1,2021-09-07,2021-09-07
VLZX7K2M9QD4T,Veg Salad,"No Cheese, Lite (Less) Yogurt, Add Black Sheep Lamb (Served On The Side), Side Hot Sauce, Greek Style",False,False,False,True,1,1,2022-04-16,2022-04-16
VLZX7K2M9QD4T,Veg Salad,"No Cheese, Lite (Less) Yogurt, Add Black Sheep Lamb (Served On The Side), Side Hot Sauce",False,False,False,True,1,1,2022-02-10,2022-02-10
VLZX7K2M9QD4T,Black Sheep Salad,"Add Pita, Cheese On Side, Dressings On Side, Add Black Sheep Lamb (Served On The Side), Side Hot Sauce",False,False,False,True,1,1,2022-02-06,2022-02-06
VLZX7K2M9QD4T,Veg Salad,"Romaine Only, No Onion, Pork Set Up",False,False,False,True,1,1,2021-05-24,2021-05-24
VLZX7K2M9QD4T,Lamb Salad,"Split Cut In Half, Veg Set Up",False,True,False,False,1,1,2021-09-30,2021-09-30
VLZX7K2M9QD4T,Veg Sandwich,"No Cheese, Pork Set Up",False,False,False,True,1,1,2021-12-18,2021-12-18
VLZX7K2M9QD4T,Veg Salad,"No Yogurt Dressing (Olive Oil Only), Dressings On Side, Split Cut In Half, Chicken Set Up",False,False,False,True,1,1,2021-11-12,2021-11-12
VLZX7K2M9QD4T,Veg Salad,"No Yogurt Dressing (Olive Oil Only), Dressings On Side, Romaine Only, No Onion",True,True,False,True,1,1,2021-09-20,2021-09-20
VLZX7K2M9QD4T,Veg Salad,"No Yogurt Dressing (Olive Oil Only), Dressings On Side, Greek Style, Chicken Set Up",False,False,False,True,1,1,2021-11-21,2021-11-21
VLZX7K2M9QD4T,Veg Salad,"No Yogurt Dressing (Olive Oil Only), Dressings On Side, Chicken Set Up",False,False,False,True,1,1,2021-05-18,2021-05-18
VLZX7K2M9QD4T,Veg Salad,"No Yogurt Dressing (Olive Oil Only), Pork Set Up",False,False,False,True,1,1,2021-10-08,2021-10-08
VLZX7K2M9QD4T,Veg Salad,"No Yogurt Dressing (Olive Oil Only), No Onion, Greek Style, Add Black Sheep Lamb (Served On The Side)",False,False,False,True,1,1,2022-04-10,2022-04-10
VLZX7K2M9QD4T,Veg Salad,"No Yogurt Dressing (Olive Oil Only), No Cheese, Pork Set Up",False,False,True,True,1,1,2022-03-26,2022-03-26
VLZX7K2M9QD4T,Veg Salad,"Romaine Only, No Onion, Add Pita, Greek Style, Pork Set Up",False,False,False,True,1,1,2021-09-18,2021-09-18
VLZX7K2M9QD4T,Veg Salad,"Side Hot Sauce, Lamb Set Up",False,False,False,True,1,1,2021-07-17,2021-07-17
VLZX7K2M9QD4T,Veg Salad,"No Cheese, Greek Style, Add Black Sheep Lamb (Served On The Side)",False,False,False,True,1,1,2021-12-18,2021-12-18
VLZX7K2M9QD4T,Veg Salad,"No Cheese, Dry (No Dressing), Add Black Sheep Lamb (Served On The Side), Side Hot Sauce",False,False,True,True,1,1,2022-01-02,2022-01-02
VLZX7K2M9QD4T,Veg Salad,"No Cheese, Lite (Less) Yogurt, Dressings On Side, No Yogurt Dressing (Olive Oil Only)",True,True,False,True,1,1,2022-04-01,2022-04-01
VLZX7K2M9QD4T,Black Sheep Sandwich,"Cheese On Side, Greek Style",False,False,False,True,1,1,2021-12-12,2021-12-12
VLZX7K2M9QD4T,Black Sheep Sandwich,Allergy Alergia,False,False,False,True,1,1,2022-02-20,2022-02-20
VLZX7K2M9QD4T,Black Sheep Sandwich,"Add Sweet Potato (Served On The Side), Side Hot Sauce, Greek Style",False,False,False,True,1,1,2022-01-01,2022-01-01
VLZX7K2M9QD4T,Veg Salad,"No Onion, No Cheese, Dressings On Side, No Yogurt Dressing (Olive Oil Only), Add Black Sheep Lamb (Served On The Side)",False,False,True,True,1,1,2022-03-15,2022-03-15
VLZX7K2M9QD4T,Black Sheep Sandwich,"Cheese On Side, No Yogurt Sauce",False,False,False,True,1,1,2022-01-11,2022-01-11
VLZX7K2M9QD4T,Black Sheep Sandwich,"Cheese On Side, No Cheese, Yogurt On Side",False,False,False,True,1,1,2021-12-09,2021-12-09
VLZX7K2M9QD4T,Black Sheep Sandwich,"Cheese On Side, No Cheese",False,False,False,True,1,1,2022-01-06,2022-01-06
VLZX7K2M9QD4T,Black Sheep Sandwich,"Greek Style, Split Cut In Half",False,False,False,True,1,1,2022-03-15,2022-03-15
VLZX7K2M9QD4T,Black Sheep Sandwich,"Greek Style, No Olives",False,False,False,True,1,1,2021-10-27,2021-10-27
VLZX7K2M9QD4T,Black Sheep Sandwich,Don'T Make,False,False,False,True,1,1,2021-10-29,2021-10-29
VLZX7K2M9QD4T,Veg Salad,"No Onion, No Yogurt Dressing (Olive Oil Only), Add Black Sheep Lamb (Served On The Side)",False,False,False,True,1,1,2022-02-04,2022-02-04
VLZX7K2M9QD4T,Veg Salad,"No Onion, No Cheese, Dry (No Dressing), Lite (Less) Yogurt, Dressings On Side, No Yogurt Dressing (Olive Oil Only)",True,True,False,True,1,1,2022-04-04,2022-04-04
VLZX7K2M9QD4T,Black Sheep Sandwich,"Cheese On Side, No Yogurt Sauce, Side Hot Sauce",False,False,False,True,1,1,2022-03-13,2022-03-13
VLZX7K2M9QD4T,Veg Salad,"No Cheese, No Yogurt Dressing (Olive Oil Only), Add Black Sheep Lamb (Served On The Side), Add Sweet Potato (Served On The Side)",False,False,True,True,1,1,2022-03-01,2022-03-01
VLZX7K2M9QD4T,Veg Salad,"No Onion, No Cheese, Add Black Sheep Lamb (Served On The Side)",False,False,False,True,1,1,2021-11-03,2021-11-03
VLZX7K2M9QD4T,Veg Salad,"No Onion, Lamb Set Up",False,False,False,True,1,1,2021-09-27,2021-09-27
VLZX7K2M9QD4T,Veg Salad,"No Onion, Kale Only, Lite (Less) Yogurt, Add Black Sheep Lamb (Served On The Side)",False,False,False,True,1,1,2022-02-18,2022-02-18
VLZX7K2M9QD4T,Veg Salad,"No Onion, Kale Only, Dressings On Side, Add Black Sheep Lamb (Served On The Side), Greek Style",False,False,False,True,1,1,2021-10-20,2021-10-20
VLZX7K2M9QD4T,Veg Salad,"No Onion, Dressings On Side, Add Black Sheep Lamb (Served On The Side)",False,False,False,True,1,1,2021-11-17,2021-11-17
VLZX7K2M9QD4T,Veg Salad,"No Onion, Add Black Sheep Lamb (Served On The Side), Side Hot Sauce",False,False,False,True,1,1,2022-03-02,2022-03-02
VLZX7K2M9QD4T,Veg Salad,"No Yogurt Dressing (Olive Oil Only), No Cheese, Greek Style, Chicken Set Up",False,False,True,True,1,1,2022-02-24,2022-02-24
VLZX7K2M9QD4T,Veg Salad,"Dry (No Dressing), Add Pita, No Cheese, Add Black Sheep Lamb (Served On The Side)",False,False,True,True,1,1,2021-11-18,2021-11-18
VLZX7K2M9QD4T,Veg Salad,"Dressings On Side, No Yogurt Dressing (Olive Oil Only), Romaine Only, No Cheese, Side Hot Sauce, Add Black Sheep Lamb (Served On The Side)",False,False,True,True,1,1,2021-11-12,2021-11-12
VLZX7K2M9QD4T,Veg Salad,"Dressings On Side, No Yogurt Dressing (Olive Oil Only), Add Black Sheep Lamb (Served On The Side)",False,False,False,True,1,1,2021-10-21,2021-10-21
VLZX7K2M9QD4T,Veg Salad,"Dressings On Side, No Cheese, Pork Set Up",False,False,False,True,1,1,2021-06-10,2021-06-10
VLZX7K2M9QD4T,Veg Salad,"Kale Only, Lamb Set Up",False,False,False,True,1,1,2022-03-06,2022-03-06
VLZX7K2M9QD4T,Veg Salad,"Kale Only, Dressings On Side, Add Black Sheep Lamb (Served On The Side)",False,False,False,True,1,1,2022-02-17,2022-02-17
VLZX7K2M9QD4T,Veg Salad,"Kale Only, Chicken Set Up",False,False,False,True,1,1,2022-02-15,2022-02-15
VLZX7K2M9QD4T,Veg Salad,"Kale Only, Add Black Sheep Lamb (Served On The Side), Side Hot Sauce, Greek Style",False,False,False,True,1,1,2021-10-24,2021-10-24
VLZX7K2M9QD4T,Veg Salad,"Dry (No Dressing), Dressings On Side, No Onion, No Cheese",True,True,False,True,1,1,2021-08-16,2021-08-16
VLZX7K2M9QD4T,Veg Salad,"No Yogurt Dressing (Olive Oil Only), No Cheese, Chicken Set Up",False,False,True,True,1,1,2021-06-02,2021-06-02
VLZX7K2M9QD4T,Veg Salad,"No Yogurt Dressing (Olive Oil Only), No Cheese, Add Black Sheep Lamb (Served On The Side), Side Hot Sauce",False,False,True,True,1,1,2021-11-17,2021-11-17
VLZX7K2M9QD4T,Veg Salad,"No Yogurt Dressing (Olive Oil Only), Lite (Less) Yogurt, No Onion",True,True,False,True,1,1,2021-09-08,2021-09-08
VLZX7K2M9QD4T,Veg Salad,"Romaine Only, No Cheese, Greek Style, Pork Set Up",False,False,False,True,1,1,2021-11-06,2021-11-06
VLZX7K2M9QD4T,Veg Salad,"Romaine Only, No Cheese, Greek Style, Lamb Set Up",False,False,False,True,1,1,2021-10-19,2021-10-19
VLZX7K2M9QD4T,Veg Salad,"Romaine Only, Lite (Less) Yogurt, No Yogurt Dressing (Olive Oil Only)",True,True,False,True,1,1,2021-07-27,2021-07-27
VLZX7K2M9QD4T,Veg Salad,"Romaine Only, Add Pita, Pork Set Up",False,False,False,True,1,1,2022-02-16,2022-02-16
VLZX7K2M9QD4T,Veg Salad,"Romaine Only, Add Black Sheep Lamb (Served On The Side), Side Hot Sauce, Greek Style",False,False,False,True,1,1,2022-01-30,2022-01-30
VLZX7K2M9QD4T,Veg Salad,"No Cheese, Romaine Only, Add Black Sheep Lamb (Served On The Side)",False,False,False,True,1,1,2021-10-28,2021-10-28
VLZX7K2M9QD4T,Veg Salad,"No Yogurt Dressing (Olive Oil Only), Romaine Only, Lamb Set Up",False,False,False,True,1,1,2021-11-27,2021-11-27
VLZX7K2M9QD4T,Black Sheep Salad,"Add Pita, Greek Style, Pork Set Up",False,False,False,True,1,1,2021-12-14,2021-12-14
VLZX7K2M9QD4T,Black Sheep Salad,"Add Pita, Cheese On Side, No Onion, Dressings On Side, No Yogurt Dressing (Olive Oil Only), Add Black Sheep Lamb (Served On The Side)",False,False,False,True,1,1,2021-11-04,2021-11-04
VLZX7K2M9QD4T,Veg Salad,"No Cheese, Lite (Less) Yogurt, Add Black Sheep Lamb (Served On The Side)",False,False,False,True,1,1,2022-01-14,2022-01-14
VLZX7K2M9QD4T,Veg Salad,"No Cheese, Kale Only, Lite (Less) Yogurt, No Yogurt Dressing (Olive Oil Only)",True,True,False,True,1,1,2022-03-13,2022-03-13
VLZX7K2M9QD4T,Veg Salad,"No Cheese, Kale Only, Lite (Less) Yogurt, Dressings On Side, No Yogurt Dressing (Olive Oil Only), Add Sweet Potato (Served On The Side)",True,True,False,True,1,1,2022-02-23,2022-02-23
VLZX7K2M9QD4T,Veg Salad,"No Onion, Add Black Sheep Lamb (Served On The Side), Greek Style",False,False,False,True,1,1,2022-01-21,2022-01-21
VLZX7K2M9QD4T,Veg Salad,"No Cheese, Romaine Only, No Yogurt Dressing (Olive Oil Only), Add Black Sheep Lamb (Served On The Side)",False,False,True,True,1,1,2021-12-06,2021-12-06
VLZX7K2M9QD4T,Black Sheep Salad,"Add Black Sheep Lamb (Served On The Side), Pork Set Up",False,False,False,True,1,1,2022-04-16,2022-04-16
VLZX7K2M9QD4T,Black Sheep Sandwich,"No Onion, No Pea Shoots",False,False,False,True,1,1,2022-02-22,2022-02-22
VLZX7K2M9QD4T,Black Sheep Sandwich,"No Onion, No Cheese, Yogurt On Side, Side Hot Sauce",False,False,False,True,1,1,2022-01-08,2022-01-08
VLZX7K2M9QD4T,Black Sheep Sandwich,"No Onion, No Cheese, Yogurt On Side",False,False,False,True,1,1,2021-12-06,2021-12-06
VLZX7K2M9QD4T,Black Sheep Sandwich,No Pea Shoots,False,False,False,True,1,1,2021-10-31,2021-10-31
VLZX7K2M9QD4T,Black Sheep Sandwich,"No Onion, Yogurt On Side, Side Hot Sauce, Greek Style",False,False,False,True,1,1,2021-12-31,2021-12-31
VLZX7K2M9QD4T,Black Sheep Salad,"Lite (Less) Yogurt, Pork Set Up",False,False,False,True,1,1,2021-11-23,2021-11-23
VLZX7K2M9QD4T,Black Sheep Salad,"Lite (Less) Yogurt, Dressings On Side, Add Black Sheep Lamb (Served On The Side)",False,False,False,True,1,1,2022-01-04,2022-01-04
VLZX7K2M9QD4T,Veg Salad,"No Cheese, Kale Only, Dressings On Side, Add Black Sheep Lamb (Served On The Side)",False,False,False,True,1,1,2022-02-24,2022-02-24
VLZX7K2M9QD4T,Black Sheep Salad,"No Onion, Dry (No Dressing), Side Hot Sauce, Greek Style",True,True,False,True,1,1,2021-10-23,2021-10-23
VLZX7K2M9QD4T,Black Sheep Salad,"No Onion, Dressings On Side, Add Black Sheep Lamb (Served On The Side), Side Hot Sauce",False,False,False,True,1,1,2022-02-14,2022-02-14
VLZX7K2M9QD4T,Black Sheep Salad,"No Onion, Add Pita, Add Black Sheep Lamb (Served On The Side)",False,False,False,True,1,1,2022-01-25,2022-01-25
VLZX7K2M9QD4T,Black Sheep Salad,"No Cheese, Lite (Less) Yogurt, Dressings On Side, No Yogurt Dressing (Olive Oil Only)",True,True,False,True,1,1,2022-01-16,2022-01-16
VLZX7K2M9QD4T,Black Sheep Salad,"No Yogurt Dressing (Olive Oil Only), No Cheese, Pork Set Up",False,False,True,True,1,1,2022-04-08,2022-04-08
VLZX7K2M9QD4T,Black Sheep Salad,"No Yogurt Dressing (Olive Oil Only), No Cheese, Greek Style, Pork Set Up",False,False,True,True,1,1,2021-12-08,2021-12-08
VLZX7K2M9QD4T,Black Sheep Salad,"No Yogurt Dressing (Olive Oil Only), Greek Style, Chicken Set Up",False,False,False,True,1,1,2022-04-15,2022-04-15
VLZX7K2M9QD4T,Black Sheep Salad,"No Yogurt Dressing (Olive Oil Only), Chicken Set Up",False,False,False,True,1,1,2022-01-10,2022-01-10
VLZX7K2M9QD4T,Black Sheep Salad,"Dressings On Side, No Cheese, No Onion, Chicken Set Up",False,False,False,True,1,1,2021-10-25,2021-10-25
VLZX7K2M9QD4T,Black Sheep Sandwich,"No Onion, Split Cut In Half",False,False,False,True,1,1,2021-12-11,2021-12-11
VLZX7K2M9QD4T,Black Sheep Sandwich,"No Yogurt Sauce, No Cheese, Add Black Sheep Lamb (Served On The Side), Greek Style",False,False,True,True,1,1,2022-03-22,2022-03-22
VLZX7K2M9QD4T,Black Sheep Sandwich,"No Yogurt Sauce, Greek Style",False,False,False,True,1,1,2022-01-01,2022-01-01
VLZX7K2M9QD4T,Black Sheep Sandwich,"No Yogurt Sauce, Cheese On Side",False,False,False,True,1,1,2021-11-18,2021-11-18
VLZX7K2M9QD4T,Black Sheep Sandwich,"No Yogurt Sauce, Yogurt On Side, Greek Style",False,False,False,True,1,1,2021-11-03,2021-11-03
VLZX7K2M9QD4T,Black Sheep Sandwich,"No Cheese, No Yogurt Sauce, Chicken Set Up",False,False,True,True,1,1,2021-11-06,2021-11-06
VLZX7K2M9QD4T,Black Sheep Sandwich,"No Cheese, No Yogurt Sauce, Allergy Alergia",False,False,True,True,1,1,2021-12-11,2021-12-11
VLZX7K2M9QD4T,Black Sheep Sandwich,"No Onion, No Yogurt Sauce, No Cheese, Greek Style",False,False,True,True,1,1,2022-03-25,2022-03-25
VLZX7K2M9QD4T,Black Sheep Sandwich,"No Cheese, No Onion, Side Hot Sauce",False,False,False,True,1,1,2021-11-05,2021-11-05
VLZX7K2M9QD4T,Black Sheep Sandwich,"Yogurt On Side, Cheese On Side, Side Hot Sauce",False,False,False,True,1,1,2021-12-16,2021-12-16
VLZX7K2M9QD4T,Chicken Salad,"Don'T Make, Veg Set Up",False,True,False,False,1,1,2021-06-03,2021-06-03
VLZX7K2M9QD4T,Chicken Salad,"Cheese On Side, Veg Set Up",False,True,False,False,1,1,2021-06-21,2021-06-21
VLZX7K2M9QD4T,Black Sheep Sandwich,"Yogurt On Side, No Onion, Side Hot Sauce",False,False,False,True,1,1,2022-01-07,2022-01-07
VLZX7K2M9QD4T,Chicken Salad,"No Yogurt Dressing (Olive Oil Only), Dressings On Side, Greek Style, Veg Set Up",False,True,False,False,1,1,2022-03-30,2022-03-30
VLZX7K2M9QD4T,Chicken Salad,"No Onion, Greek Style, Veg Set Up",False,True,False,False,1,1,2021-10-04,2021-10-04
VLZX7K2M9QD4T,Chicken Salad,"No Cheese, Greek Style, Veg Set Up",False,True,False,False,1,1,2021-06-06,2021-06-06
VLZX7K2M9QD4T,Black Sheep Sandwich,"No Cheese, No Yogurt Sauce, Add Sweet Potato (Served On The Side)",False,False,True,True,1,1,2022-01-19,2022-01-19
VLZX7K2M9QD4T,Veg Sandwich,"No Onion, No Pea Shoots, Chicken Set Up",False,False,False,True,1,1,2021-12-12,2021-12-12
VLZX7K2M9QD4T,Veg Sandwich,"No Onion, Greek Style, Split Cut In Half, No Radish, Pork Set Up",False,False,False,True,1,1,2021-06-13,2021-06-13
VLZX7K2M9QD4T,Veg Sandwich,"No Onion, Greek Style, Pork Set Up",False,False,False,True,1,1,2021-07-22,2021-07-22
VLZX7K2M9QD4T,Veg Sandwich,"No Onion, Greek Style, No Radish, Pork Set Up",False,False,False,True,1,1,2021-07-19,2021-07-19
VLZX7K2M9QD4T,Veg Sandwich,"No Onion, Chicken Set Up",False,False,False,True,1,1,2021-08-25,2021-08-25
VLZX7K2M9QD4T,Veg Sandwich,"No Cheese, Split Cut In Half, No Pea Shoots, Chicken Set Up",False,False,False,True,1,1,2022-02-23,2022-02-23
VLZX7K2M9QD4T,Veg Salad,"No Onion, No Cheese, Lite (Less) Yogurt, Add Black Sheep Lamb (Served On The Side), Greek Style",False,False,False,True,1,1,2021-12-14,2021-12-14
VLZX7K2M9QD4T,Black Sheep Salad,"No Yogurt Dressing (Olive Oil Only), Add Black Sheep Lamb (Served On The Side)",False,False,False,True,1,1,2022-01-18,2022-01-18
VLZX7K2M9QD4T,Veg Sandwich,"Yogurt On Side, Add Black Sheep Lamb (Served On The Side), Side Hot Sauce, Greek Style",False,False,False,True,1,1,2021-10-29,2021-10-29
VLZX7K2M9QD4T,Veg Sandwich,"Split Cut In Half, No Pea Shoots, Chicken Set Up",False,False,False,True,1,1,2022-03-10,2022-03-10
VLZX7K2M9QD4T,Veg Sandwich,"No Yogurt Sauce, No Cheese, Lite (Less) Yogurt Sauce",True,True,False,True,1,1,2021-05-10,2021-05-10
VLZX7K2M9QD4T,Veg Sandwich,"No Yogurt Sauce, No Cheese, Add Black Sheep Lamb (Served On The Side)",False,False,True,True,1,1,2021-12-02,2021-12-02
VLZX7K2M9QD4T,Veg Salad,"No Cheese, Kale Only, Dry (No Dressing), Add Black Sheep Lamb (Served On The Side)",False,False,True,True,1,1,2021-12-28,2021-12-28
VLZX7K2M9QD4T,Black Sheep Salad,"Dressings On Side, Greek Style, Chicken Set Up",False,False,False,True,1,1,2022-02-25,2022-02-25
VLZX7K2M9QD4T,Veg Salad,"No Cheese, Kale Only, Dressings On Side, No Yogurt Dressing (Olive Oil Only), Add Black Sheep Lamb (Served On The Side)",False,False,True,True,1,1,2022-01-05,2022-01-05
VLZX7K2M9QD4T,Veg Sandwich,"Yogurt On Side, No Yogurt Sauce, 6Oz. Sweet Potato (Served On The Side)",True,True,False,True,1,1,2021-04-28,2021-04-28
VLZX7K2M9QD4T,Veg Sandwich,"Yogurt On Side, No Yogurt Sauce",True,True,False,True,1,1,2021-06-15,2021-06-15
VLZX7K2M9QD4T,Veg Sandwich,"Cheese On Side, No Yogurt Sauce, No Cheese, Side Hot Sauce, Greek Style",True,True,False,True,1,1,2021-09-13,2021-09-13
VLZX7K2M9QD4T,Veg Sandwich,"Cheese On Side, Lite (Less) Yogurt Sauce, Add Black Sheep Lamb (Served On The Side)",False,False,False,True,1,1,2022-04-08,2022-04-08
VLZX7K2M9QD4T,Veg Sandwich,"Add Black Sheep Lamb (Served On The Side), Side Hot Sauce",False,False,False,True,1,1,2022-03-03,2022-03-03
VLZX7K2M9QD4T,Veg Sandwich,"Add Black Sheep Lamb (Served On The Side), Greek Style",False,False,False,True,1,1,2021-10-20,2021-10-20
VLZX7K2M9QD4T,Black Sheep Salad,"Dressings On Side, Chicken Set Up",False,False,False,True,1,1,2021-10-23,2021-10-23
VLZX7K2M9QD4T,Veg Sandwich,"Yogurt On Side, Side Hot Sauce, Add Black Sheep Lamb (Served On The Side)",False,False,False,True,1,1,2021-12-08,2021-12-08
VLZX7K2M9QD4T,Black Sheep Salad,"Add Pita, No Yogurt Dressing (Olive Oil Only), Add Black Sheep Lamb (Served On The Side)",False,False,False,True,1,1,2022-02-19,2022-02-19
VLZX7K2M9QD4T,Black Sheep Salad,"Add Pita, No Onion, Kale Only, Add Black Sheep Lamb (Served On The Side)",False,False,False,True,1,1,2022-01-14,2022-01-14
VLZX7K2M9QD4T,Veg Sandwich,"No Onion, Pork Set Up",False,False,False,True,1,1,2021-07-26,2021-07-26
VLZX7K2M9QD4T,Black Sheep Salad,"No Cheese, Dry (No Dressing), Dressings On Side",True,True,False,True,1,1,2022-03-27,2022-03-27
VLZX7K2M9QD4T,Black Sheep Salad,"No Cheese, Dry (No Dressing), Add Sweet Potato (Served On The Side), Add Black Sheep Lamb (Served On The Side)",False,False,True,True,1,1,2021-11-22,2021-11-22
VLZX7K2M9QD4T,Veg Sandwich,"No Cheese, No Pea Shoots, Chicken Set Up",False,False,False,True,1,1,2021-10-11,2021-10-11
VLZX7K2M9QD4T,Veg Sandwich,"No Cheese, No Onion, Cheese On Side, Greek Style, Side Hot Sauce, Allergy Alergia, Split Cut In Half, No Radish, No Walnuts, No Pea Shoots, Pork Set Up",False,False,False,True,1,1,2021-06-27,2021-06-27
VLZX7K2M9QD4T,Veg Sandwich,"Lite (Less) Yogurt Sauce, No Yogurt Sauce, No Cheese",True,True,False,True,1,1,2021-12-14,2021-12-14
VLZX7K2M9QD4T,Veg Sandwich,Lamb Set Up,False,False,False,True,1,1,2021-07-14,2021-07-14
VLZX7K2M9QD4T,Veg Sandwich,"Greek Style, Split Cut In Half, Chicken Set Up",False,False,False,True,1,1,2021-09-26,2021-09-26
VLZX7K2M9QD4T,Veg Sandwich,"No Radish, Lamb Set Up",False,False,False,True,1,1,2021-08-17,2021-08-17
VLZX7K2M9QD4T,Black Sheep Salad,"Add Pita, No Onion, Add Black Sheep Lamb (Served On The Side), Add Sweet Potato (Served On The Side)",False,False,False,True,1,1,2022-02-23,2022-02-23
VLZX7K2M9QD4T,Black Sheep Sandwich,"Lite (Less) Yogurt Sauce, No Onion, Side Hot Sauce",False,False,False,True,1,1,2022-04-07,2022-04-07
VLZX7K2M9QD4T,Black Sheep Sandwich,"No Cheese, Lite (Less) Yogurt Sauce, Side Hot Sauce",False,False,False,True,1,1,2022-01-12,2022-01-12
VLZX7K2M9QD4T,Black Sheep Sandwich,"No Cheese, Lite (Less) Yogurt Sauce, Greek Style",False,False,False,True,1,1,2022-02-03,2022-02-03
VLZX7K2M9QD4T,Black Sheep Sandwich,"No Cheese, Greek Style, Side Hot Sauce",False,False,False,True,1,1,2021-11-11,2021-11-11
VLZX7K2M9QD4T,Black Sheep Salad,"Split Cut In Half, Chicken Set Up",False,False,False,True,1,1,2022-01-14,2022-01-14
VLZX7K2M9QD4T,Black Sheep Salad,"Romaine Only, Add Pita, Greek Style, Add Black Sheep Lamb (Served On The Side)",False,False,False,True,1,1,2022-03-06,2022-03-06
VLZX7K2M9QD4T,Black Sheep Sandwich,"Cheese On Side, Lite (Less) Yogurt Sauce, Yogurt On Side",False,False,False,True,1,1,2022-01-02,2022-01-02
VLZX7K2M9QD4T,Black Sheep Sandwich,"No Onion, Yogurt On Side, Greek Style",False,False,False,True,1,1,2022-02-28,2022-02-28
VLZX7K2M9QD4T,L1 Side Green Salad,"No Onion, Romaine Only, No Cheese, Dressings On Side",False,True,True,True,1,1,2021-06-03,2021-06-03
VLZX7K2M9QD4T,L1 Side Green Salad,"No Onion, Romaine Only, No Cheese",False,True,True,True,1,1,2021-08-28,2021-08-28
VLZX7K2M9QD4T,L1 Side Green Salad,"Romaine Only, No Cheese, Add Pita, Greek Style",False,True,True,True,1,1,2021-05-03,2021-05-03
VLZX7K2M9QD4T,L1 Side Green Salad,"Regular, Romaine Only, No Onion, No Cheese, Dressings On Side",False,True,True,True,1,1,2021-05-04,2021-05-04
VLZX7K2M9QD4T,L1 Side Green Salad,"Regular, No Onion, No Cheese, Romaine Only",False,True,True,True,1,1,2021-12-02,2021-12-02
VLZX7K2M9QD4T,L1 Side Green Salad,"Greek Style, Add Pita, No Cheese, Kale Only",False,True,True,True,1,1,2021-11-04,2021-11-04
VLZX7K2M9QD4T,L1 Side Green Salad,"Greek Style, Add Pita, No Cheese",False,True,True,True,1,1,2021-08-18,2021-08-18
VLZX7K2M9QD4T,L1 Side Green Salad,"Dressings On Side, No Onion, Cheese On Side, Romaine Only",True,True,False,True,1,1,2021-07-24,2021-07-24
VLZX7K2M9QD4T,L1 Side Green Salad,"Regular, Add Pita, No Cheese",False,True,True,True,1,1,2021-06-18,2021-06-18
VLZX7K2M9QD4T,Lamb Salad,"Greek Style, No Olives, Veg Set Up",False,True,False,False,1,1,2021-11-06,2021-11-06
VLZX7K2M9QD4T,L1 Side Green Salad,"Romaine Only, No Onion, No Cheese",False,True,True,True,1,1,2021-08-13,2021-08-13
VLZX7K2M9QD4T,Veg Salad,"Add Black Sheep Lamb (Served On The Side), Add Sweet Potato (Served On The Side), Side Hot Sauce",False,False,False,True,1,1,2022-02-08,2022-02-08
VLZX7K2M9QD4T,Veg Salad,"Add Pita, Cheese On Side, No Yogurt Dressing (Olive Oil Only), Greek Style",True,True,False,True,1,1,2021-06-03,2021-06-03
VLZX7K2M9QD4T,Veg Salad,"Add Pita, Cheese On Side, No Yogurt Dressing (Olive Oil Only), Dressings On Side, Side Hot Sauce",True,True,False,True,1,1,2021-04-27,2021-04-27
VLZX7K2M9QD4T,Veg Salad,"Add Pita, Cheese On Side, Dry (No Dressing), Add Black Sheep Lamb (Served On The Side), Side Hot Sauce",False,False,False,True,1,1,2021-11-22,2021-11-22
VLZX7K2M9QD4T,Veg Salad,"Add Pita, Add Black Sheep Lamb (Served On The Side), Side Hot Sauce",False,False,False,True,1,1,2022-03-14,2022-03-14
VLZX7K2M9QD4T,Veg Salad,"Add Pita, Add Black Sheep Lamb (Served On The Side), Greek Style",False,False,False,True,1,1,2021-11-27,2021-11-27
VLZX7K2M9QD4T,Black Sheep Sandwich,"Lite (Less) Yogurt Sauce, No Yogurt Sauce",False,False,False,True,1,1,2022-02-25,2022-02-25
VLZX7K2M9QD4T,Veg Salad,"Add Pita, No Cheese, Dressings On Side, No Yogurt Dressing (Olive Oil Only), Add Black Sheep Lamb (Served On The Side)",False,False,True,True,1,1,2021-11-22,2021-11-22
VLZX7K2M9QD4T,Veg Salad,"Add Pita, No Cheese, Dressings On Side, Add Black Sheep Lamb (Served On The Side), Side Hot Sauce",False,False,False,True,1,1,2021-12-28,2021-12-28
VLZX7K2M9QD4T,Veg Salad,"Add Pita, Dressings On Side, Add Black Sheep Lamb (Served On The Side), Greek Style",False,False,False,True,1,1,2022-02-24,2022-02-24
VLZX7K2M9QD4T,L1 Side Green Salad,"No Onion, No Cheese, Kale Only, Dressings On Side",False,True,True,True,1,1,2022-01-06,2022-01-06
VLZX7K2M9QD4T,L1 Side Green Salad,"No Cheese, Romaine Only, Add Pita",False,True,True,True,1,1,2021-10-02,2021-10-02
VLZX7K2M9QD4T,Black Sheep Sandwich,"Lite (Less) Yogurt Sauce, No Cheese, Yogurt On Side",False,False,False,True,1,1,2021-12-16,2021-12-16
VLZX7K2M9QD4T,Black Sheep Sandwich,"Lite (Less) Yogurt Sauce, No Cheese, Side Hot Sauce, Greek Style",False,False,False,True,1,1,2022-02-25,2022-02-25
VLZX7K2M9QD4T,Black Sheep Sandwich,"Lite (Less) Yogurt Sauce, No Cheese, Greek Style",False,False,False,True,1,1,2022-02-19,2022-02-19
VLZX7K2M9QD4T,Veg Salad,"Add Pita, Add Black Sheep Lamb (Served On The Side), Add Sweet Potato (Served On The Side)",False,False,False,True,1,1,2022-02-11,2022-02-11
VLZX7K2M9QD4T,L1 Side Green Salad,"No Cheese, No Onion, Add Pita",False,True,True,True,1,1,2021-07-20,2021-07-20
VLZX7K2M9QD4T,Chicken Sandwich,"Yogurt On Side, No Cheese, Veg Set Up",False,True,False,False,1,1,2021-10-18,2021-10-18
VLZX7K2M9QD4T,Chicken Sandwich,"Yogurt On Side, Greek Style, Veg Set Up",False,True,False,False,1,1,2021-10-18,2021-10-18
VLZX7K2M9QD4T,Chicken Sandwich,"No Onion, Veg Set Up",False,True,False,False,1,1,2021-12-17,2021-12-17
VLZX7K2M9QD4T,Chicken Sandwich,"No Onion, No Pea Shoots, Veg Set Up",False,True,False,False,1,1,2021-07-15,2021-07-15
VLZX7K2M9QD4T,Chicken Sandwich,"No Olives, Veg Set Up",False,True,False,False,1,1,2021-12-09,2021-12-09
VLZX7K2M9QD4T,Chicken Sandwich,"Greek Style, Veg Set Up",False,True,False,False,1,1,2022-02-13,2022-02-13
VLZX7K2M9QD4T,Black Sheep Sandwich,"No Cheese, No Yogurt Sauce, Side Hot Sauce, Split Cut In Half",False,False,True,True,1,1,2022-03-14,2022-03-14
VLZX7K2M9QD4T,L1 Side Green Salad,"Add Pita, No Cheese, No Onion",False,True,True,True,1,1,2021-10-02,2021-10-02
VLZX7K2M9QD4T,L1 Side Green Salad,"Cheese On Side, No Onion, Dry (No Dressing), Dressings On Side, No Yogurt Dressing (Olive Oil Only)",True,True,False,True,1,1,2021-09-27,2021-09-27
VLZX7K2M9QD4T,L1 Side Green Salad,"Cheese On Side, No Onion, Dry (No Dressing)",True,True,False,True,1,1,2021-09-21,2021-09-21
VLZX7K2M9QD4T,L1 Side Green Salad,"Add Sweet Potato, No Cheese, Dressings On Side",False,True,True,True,1,1,2021-05-04,2021-05-04
VLZX7K2M9QD4T,L1 Side Green Salad,"Dressings On Side, No Cheese, Romaine Only, Add Pita",False,True,True,True,1,1,2021-08-02,2021-08-02
VLZX7K2M9QD4T,L1 Side Green Salad,"Dressings On Side, Cheese On Side, Greek Style",True,True,False,True,1,1,2021-08-19,2021-08-19
VLZX7K2M9QD4T,Black Sheep Sandwich,"Side Hot Sauce, Add Sweet Potato (Served On The Side)",False,False,False,True,1,1,2022-01-14,2022-01-14
VLZX7K2M9QD4T,Black Sheep Sandwich,"Yogurt On Side, Greek Style, Split Cut In Half",False,False,False,True,1,1,2021-11-14,2021-11-14
VLZX7K2M9QD4T,Chicken Salad,"No Yogurt Dressing (Olive Oil Only), No Cheese, Greek Style, Veg Set Up",True,True,False,False,1,1,2022-04-11,2022-04-11
VLZX7K2M9QD4T,Black Sheep Sandwich,"No Cheese, No Yogurt Sauce, Pork Set Up",False,False,True,True,1,1,2021-10-24,2021-10-24
VLZX7K2M9QD4T,Black Sheep Sandwich,"No Cheese, No Yogurt Sauce, No Onion, Greek Style",False,False,True,True,1,1,2021-10-27,2021-10-27
VLZX7K2M9QD4T,Black Sheep Sandwich,"No Cheese, No Yogurt Sauce, No Onion, Add Sweet Potato (Served On The Side)",False,False,True,True,1,1,2021-12-07,2021-12-07
VLZX7K2M9QD4T,Black Sheep Sandwich,"No Cheese, Yogurt On Side, Add Sweet Potato (Served On The Side)",False,False,False,True,1,1,2022-01-30,2022-01-30
VLZX7K2M9QD4T,Black Sheep Sandwich,"No Cheese, Side Hot Sauce, Split Cut In Half",False,False,False,True,1,1,2022-02-25,2022-02-25
VLZX7K2M9QD4T,Black Sheep Sandwich,"No Cheese, Side Hot Sauce, Greek Style",False,False,False,True,1,1,2022-02-02,2022-02-02
VLZX7K2M9QD4T,Black Sheep Sandwich,"No Onion, No Cheese, Side Hot Sauce",False,False,False,True,1,1,2022-01-29,2022-01-29
VLZX7K2M9QD4T,Black Sheep Sandwich,"No Onion, No Cheese, Add Sweet Potato (Served On The Side)",False,False,False,True,1,1,2022-01-24,2022-01-24
VLZX7K2M9QD4T,L1 Side Green Salad,"No Cheese, No Onion, Dressings On Side",False,True,True,True,1,1,2021-04-21,2021-04-21
VLZX7K2M9QD4T,Black Sheep Sandwich,"Lite (Less) Yogurt Sauce, Greek Style, Add Sweet Potato (Served On The Side)",False,False,False,True,1,1,2021-11-28,2021-11-28
VLZX7K2M9QD4T,Black Sheep Sandwich,"Lite (Less) Yogurt Sauce, Cheese On Side",False,False,False,True,1,1,2021-11-24,2021-11-24
VLZX7K2M9QD4T,Black Sheep Sandwich,"Lite (Less) Yogurt Sauce, No Onion, Greek Style",False,False,False,True,1,1,2021-12-12,2021-12-12
VLZX7K2M9QD4T,L1 Side Green Salad,"Greek Style, Kale Only, No Cheese",False,True,True,True,1,1,2021-05-18,2021-05-18
VLZX7K2M9QD4T,L1 Side Green Salad,"Greek Style, Cheese On Side, No Yogurt Dressing (Olive Oil Only)",True,True,False,True,1,1,2021-11-09,2021-11-09
VLZX7K2M9QD4T,L1 Side Green Salad,"Greek Style, Cheese On Side, Dressings On Side, No Yogurt Dressing (Olive Oil Only)",True,True,False,True,1,1,2021-09-28,2021-09-28
VLZX7K2M9QD4T,L1 Side Green Salad,"Kale Only, No Cheese, Dressings On Side",False,True,True,True,1,1,2021-05-09,2021-05-09
VLZX7K2M9QD4T,L1 Side Green Salad,"Greek Style, No Onion, No Cheese, Dressings On Side",False,True,True,True,1,1,2021-08-29,2021-08-29
VLZX7K2M9QD4T,Black Sheep Sandwich,"Lite (Less) Yogurt Sauce, Greek Style, No Cucumber",False,False,False,True,1,1,2021-12-07,2021-12-07
